Id,Category
10554236.pdf,CHEF
10674770.pdf,AVIATION
11163645.pdf,AVIATION
11759079.pdf,AVIATION
12065211.pdf,CHEF
12202337.pdf,CHEF
12338274.pdf,AVIATION
12442909.pdf,CHEF
12780508.pdf,AVIATION
12802330.pdf,ADVOCATE
13072019.pdf,AVIATION
13130984.pdf,AVIATION
13294301.pdf,AVIATION
13491889.pdf,CHEF
13701259.pdf,AVIATION
14055988.pdf,AVIATION
14126433.pdf,AVIATION
14224370.pdf,AVIATION
14449423.pdf,CHEF
14470533.pdf,AVIATION
14491649.pdf,AVIATION
14496667.pdf,ADVOCATE
15289348.pdf,ADVOCATE
15363277.pdf,AVIATION
15592167.pdf,AVIATION
15821633.pdf,ADVOCATE
15906625.pdf,ADVOCATE
16237710.pdf,AVIATION
17306905.pdf,DESIGNER
17407184.pdf,ADVOCATE
17556527.pdf,CHEF
18132924.pdf,ADVOCATE
18365791.pdf,AVIATION
18569929.pdf,AVIATION
18635654.pdf,AVIATION
18669563.pdf,CHEF
19446337.pdf,CHEF
19545827.pdf,AVIATION
20082776.pdf,CHEF
20253563.pdf,AVIATION
20345168.pdf,AVIATION
20393721.pdf,ADVOCATE
20624984.pdf,CHEF
21031285.pdf,CHEF
21338490.pdf,AVIATION
21763056.pdf,AVIATION
21794875.pdf,CHEF
21853199.pdf,ADVOCATE
22465498.pdf,CHEF
22925443.pdf,AVIATION
23139819.pdf,AVIATION
23246831.pdf,AVIATION
23387174.pdf,AVIATION
23416654.pdf,CHEF
23438112.pdf,AVIATION
23513618.pdf,AVIATION
23636277.pdf,AVIATION
23734441.pdf,AVIATION
24103168.pdf,AVIATION
24294778.pdf,CHEF
24703009.pdf,AVIATION
24799301.pdf,AVIATION
24817041.pdf,AVIATION
25067742.pdf,AVIATION
25127518.pdf,CHEF
25462793.pdf,ADVOCATE
25547145.pdf,AVIATION
25749150.pdf,CHEF
25846894.pdf,ADVOCATE
25862026.pdf,CHEF
25867805.pdf,AVIATION
25935030.pdf,CHEF
26065877.pdf,CHEF
26975573.pdf,AVIATION
27558837.pdf,AVIATION
27573855.pdf,ADVOCATE
27637576.pdf,AVIATION
27980446.pdf,AVIATION
28298773.pdf,AVIATION
28359817.pdf,AVIATION
28614791.pdf,AVIATION
28939941.pdf,CHEF
28969385.pdf,ADVOCATE
29050809.pdf,CHEF
29456173.pdf,AVIATION
29821051.pdf,ADVOCATE
29999135.pdf,AVIATION
30304575.pdf,AVIATION
30361788.pdf,AVIATION
30813919.pdf,AVIATION
31602598.pdf,AVIATION
33527446.pdf,AVIATION
34198885.pdf,CHEF
34816637.pdf,ADVOCATE
35554162.pdf,ADVOCATE
36024962.pdf,AVIATION
36425270.pdf,CHEF
37370455.pdf,ADVOCATE
37997506.pdf,CONSTRUCTION
38847011.pdf,ADVOCATE
39115899.pdf,AVIATION
39674178.pdf,AVIATION
42487883.pdf,AVIATION
43685045.pdf,AVIATION
49204385.pdf,AVIATION
49997097.pdf,CHEF
50222417.pdf,ADVOCATE
53640713.pdf,ADVOCATE
59403481.pdf,ADVOCATE
62809577.pdf,CHEF
63137898.pdf,AVIATION
75286906.pdf,AVIATION
78257294.pdf,AVIATION
78403342.pdf,CHEF
80053367.pdf,AVIATION
82649935.pdf,CHEF
87635012.pdf,AVIATION
98559931.pdf,AVIATION
